{
  "message": "accurate",
  "cod": "200",
  "count": 1,
  "list": [
    {
      "id": 4508722,
      "name": "Cincinnati",
      "coord": {
        "lon": -84.456886,
        "lat": 39.161999
      },
      "main": {
        "temp": 34.16,
        "temp_min": 34.16,
        "temp_max": 34.16,
        "pressure": 999.98,
        "sea_level": 1028.34,
        "grnd_level": 999.98,
        "humidity": 77
      },
      "dt": 1423501526,
      "wind": {
        "speed": 9.48,
        "deg": 354.002
      },
      "sys": {
        "country": "US"
      },
      "clouds": {
        "all": 80
      },
      "weather": [
        {
          "id": 803,
          "main": "Clouds",
          "description": "broken clouds",
          "icon": "04d"
        }
      ]
    }
  ]
}
